1.282214466897492189e-01,2.139061199999554158e-02,3.980615612514641910e+00,1.017724527824111158e+00,6.894318233062419754e-01
1.449368836609647992e-01,2.146537661658646373e-02,2.713747935924725851e+00,1.107762208825442851e+00,7.306755295547283646e-01
1.426250715148727477e-01,2.052636716653174001e-02,2.689710054232552494e+00,1.070427241308335109e+00,7.437925373764150416e-01
3.033428679684083140e-01,2.470183059485675861e-02,4.336825459397957161e+00,1.111911709095165346e+00,7.678100781196635083e-01
2.141898111493419354e-01,2.412737901632021689e-02,4.436028102555776620e+00,1.145855005360580714e+00,6.609590194221119930e-01
2.970794559273590707e-01,2.291111994583532041e-02,2.734110533261111975e+00,1.122666251690686012e+00,7.331191353992558835e-01
1.921640112551769031e-01,2.493101212313864057e-02,4.296011072856931179e+00,8.219156063511969812e-01,7.185616099531390022e-01
2.982375202713719586e-01,2.004801387931965176e-02,2.446761439078674716e+00,9.426171511487103638e-01,7.165535560871660881e-01
3.098380441293026033e-01,2.394899182557081938e-02,2.844760374139108094e+00,1.190167543845996434e+00,6.971456341754271868e-01
2.611718363892754358e-01,2.440582308717351503e-02,2.539048791489283197e+00,9.813704022185877340e-01,7.955096746551805209e-01
1.487007127839697906e-01,2.122669211894459909e-02,3.055417655823707168e+00,9.013932717747051848e-01,6.833962322615833029e-01
2.482032078791036600e-01,2.410215531632955988e-02,3.684872605332032869e+00,1.182489555998239572e+00,6.994526773861050595e-01
2.602656462603156196e-01,2.015141103457053842e-02,3.812041734896085998e+00,8.994051198394972246e-01,7.175063470006174393e-01
1.934045006645098708e-01,2.266382046897337174e-02,3.184289306064461478e+00,8.379433348700403572e-01,7.808787164764572353e-01
2.024895628348364895e-01,2.465700427143321938e-02,4.607547771063679853e+00,1.001452810411248340e+00,7.230299450913630910e-01
2.234118921920565382e-01,2.055011807966698051e-02,2.473213993027618685e+00,1.020735927818715361e+00,7.763508467738050589e-01
3.116465233434924653e-01,2.482477616387605140e-02,3.310030240874366037e+00,8.264423846897667181e-01,7.550613863664120684e-01
1.262423045993877335e-01,2.159538627169513975e-02,2.517889771831127277e+00,8.195102974920531747e-01,6.819389146143663982e-01
2.858798564531748188e-01,2.085591464702086714e-02,2.961358211628161818e+00,8.250340608144177690e-01,6.855727105253189846e-01
2.808466756672319820e-01,2.253039403962855958e-02,3.623709718885364417e+00,9.546602303035557346e-01,7.194673069826048595e-01
1.811781914938986049e-01,2.203231058444967902e-02,3.694817480416781486e+00,1.124658480779733294e+00,7.894009897361322636e-01
3.257946977411022571e-01,2.163919902230799358e-02,2.283026525996393552e+00,1.161142958916164591e+00,7.408363490814062757e-01
2.399779504108523198e-01,2.320951773868035195e-02,4.221770436521108394e+00,8.444440054802223594e-01,7.846957638931089107e-01
2.880935857173056447e-01,2.114173321766825431e-02,2.589186607121304995e+00,9.348993728361093547e-01,7.672458043395541383e-01
2.536575699890217250e-01,2.432667760365130744e-02,2.320465726867085188e+00,7.756906180770135606e-01,7.458433166879043785e-01
3.228824366235921173e-01,2.002372630880773496e-02,2.312895337232063753e+00,1.168870736374333585e+00,7.741205371278431224e-01
2.161321710598377022e-01,2.193607288375356776e-02,2.671866410530918223e+00,9.737324013273231937e-01,6.652177865185588956e-01
3.131039231706224113e-01,2.361163586935401126e-02,4.346501147516025121e+00,1.029217628355137748e+00,7.243549159572739704e-01
3.424035632163194842e-01,2.215629247939959051e-02,2.784878715016926520e+00,7.938505983286539003e-01,7.189026101112645506e-01
1.113679518633057530e-01,2.456798127017542632e-02,4.239253537848312270e+00,1.131576932321954665e+00,6.811767229784001509e-01
1.082944980169086857e-01,2.425817705771093902e-02,4.569106783846906161e+00,8.686842924603261906e-01,6.766462545603793011e-01
2.223241444373411646e-01,2.484904804325429456e-02,4.182715531146573795e+00,1.081217991091404373e+00,6.779719369439222154e-01
3.522992729531323475e-01,2.417911718186130723e-02,3.588057268744799799e+00,8.850275214935648949e-01,7.871290163099207149e-01
3.155618823301977738e-01,2.359296277867350619e-02,3.084135225842239869e+00,9.297298147685824077e-01,7.233142982269823440e-01
3.279212624659482711e-01,2.479644383287895812e-02,3.171470469714281037e+00,9.862399069031697607e-01,7.537086353418045448e-01
2.102665157881658531e-01,2.421493060329044100e-02,2.745228164629638812e+00,1.163313691961672003e+00,6.863656460604444787e-01
2.547393446685001228e-01,2.235845428437600174e-02,4.399281819589249132e+00,9.126118085247465483e-01,7.015212609484884343e-01
1.530773968586606193e-01,2.462597642032150064e-02,2.594854910824120342e+00,1.076559552945103526e+00,7.161239272136801226e-01
1.453599202516955013e-01,2.245985071356920715e-02,3.801628524022362399e+00,1.128848390718735883e+00,6.847459296588692679e-01
1.619294245508592356e-01,2.070605390954250585e-02,3.665814629732257579e+00,8.663181765260175027e-01,7.527965465161390313e-01
3.236052565170267070e-01,2.307819778238702144e-02,4.330577242623641077e+00,1.173770527107175443e+00,7.838150286887866081e-01
1.513948486180974884e-01,2.337739215062139761e-02,3.060524144968389315e+00,8.155129330256956077e-01,7.378117894573044122e-01
2.359304849465283793e-01,2.263368673284119406e-02,2.174440311740060583e+00,8.041224047101100947e-01,7.446848094735853962e-01
3.543575548880640858e-01,2.343390692554460711e-02,2.264718509939685376e+00,7.445068678044712840e-01,6.795057523364574914e-01
2.261249065373372447e-01,2.131898648979747499e-02,3.691262028879997992e+00,7.834574613143691080e-01,7.509872199643495838e-01
3.386904304468261184e-01,2.330891202822560349e-02,3.821705050802743919e+00,1.023610076564270610e+00,7.949813987846579000e-01
1.299152552172727626e-01,2.133348934190068200e-02,1.964796981011796895e+00,1.163030464495811600e+00,7.719423944153637196e-01
1.482125695187879177e-01,2.485633699421212206e-02,3.356460301991692763e+00,9.325084944986739011e-01,7.656158376281242406e-01
2.816934113038797594e-01,2.058809197044652109e-02,4.670862159269489666e+00,1.199425492474529786e+00,7.926357951394003010e-01
2.816207049618569824e-01,2.391209085648227789e-02,2.248027081387490966e+00,1.026211188253667084e+00,7.363994660747703591e-01
1.667951176513173817e-01,2.110593757545203147e-02,3.201909869584159907e+00,1.013460210646875304e+00,7.275237192145176390e-01
2.544019499944245033e-01,2.071422655352018680e-02,4.307169152996876527e+00,1.033678491972107150e+00,7.099574501567985640e-01
2.994622630799282925e-01,2.229431603446835330e-02,4.627780134407430523e+00,1.035894596577715099e+00,7.090595212522335933e-01
1.824934631816856057e-01,2.118486901654349427e-02,2.162732122433183690e+00,8.620420122866517820e-01,6.965872760202922453e-01
2.043797479560693353e-01,2.327215430705761520e-02,2.617402617249545926e+00,8.595749621312133160e-01,6.940876086143590307e-01
1.228856909296940081e-01,2.036859919659327750e-02,2.303479282333515510e+00,1.046891442676074924e+00,7.892450129409227522e-01
9.672915625309576326e-02,2.476774140768172108e-02,2.480535762651170817e+00,7.490903397304005118e-01,7.108203040102124559e-01
2.366176917921287703e-01,2.038724932168470977e-02,4.250144032869906496e+00,9.272676712093875784e-01,7.639549133726303287e-01
3.082999304367137761e-01,2.157426772641017620e-02,2.383672860294673512e+00,8.677148944916205364e-01,6.669083490793127345e-01
3.629991200777980542e-01,2.180112180388625934e-02,3.104790216788697155e+00,1.067394563580117861e+00,7.342084871955775194e-01
1.125287099654227047e-01,2.524030680011305622e-02,3.587035269830097128e+00,1.077498152890242311e+00,7.691114189461898398e-01
1.896317122685722834e-01,2.032343177969334405e-02,4.111014516016514797e+00,1.165816252993978619e+00,7.309090695992671582e-01
1.437938151177577950e-01,2.150269268762972086e-02,2.273575132635467622e+00,1.044787083909008762e+00,6.760759934626147105e-01
1.914443866424263840e-01,2.099512889033369745e-02,2.231426940848770801e+00,1.254782751113828088e+00,6.727035062168725821e-01
3.472160889113693472e-01,2.068919680196419641e-02,2.441435920375772284e+00,9.973866721552797632e-01,7.507466178402490975e-01
1.132479881621617501e-01,2.016661646301020142e-02,3.871870867663527171e+00,1.038295292206946829e+00,7.398606407551282516e-01
3.035597077327966686e-01,2.052167629088834030e-02,3.611904307376079259e+00,9.393846370032987725e-01,7.906867278583626923e-01
1.883445263648965140e-01,2.387711924113612716e-02,3.934659022117592997e+00,1.018147882135584936e+00,7.938524680251162202e-01
2.077914507642759367e-01,2.042499509863555593e-02,3.336342853407606945e+00,9.045769074968991186e-01,7.958027406744565546e-01
1.010623641437012055e-01,2.022561544182431212e-02,3.810756298283906496e+00,1.211147318855952282e+00,7.634386137771699277e-01
2.702438599006179443e-01,2.403691400243295612e-02,3.651358065467887659e+00,8.360714698725382199e-01,7.351547509045246453e-01
2.634749639476368643e-01,2.166272660534829253e-02,3.235735902856987423e+00,8.730418068641793150e-01,6.613043253217357753e-01
3.064516536093318533e-01,2.238295132874976862e-02,4.653307884206622447e+00,1.249200260785967131e+00,6.893076158261578490e-01
2.016783632616793720e-01,1.996649936366454159e-02,3.865108682736939194e+00,1.016693061238247653e+00,6.627290704248472997e-01
1.817608407139031657e-01,2.333730759069603186e-02,4.159259848652687275e+00,1.193905413129087378e+00,7.504931345198397885e-01
3.439991758570541402e-01,2.024153776168823027e-02,2.424843314652656900e+00,1.198920993710309135e+00,7.144851519016175434e-01
1.798167114299349112e-01,2.153518980340799610e-02,4.356546053237515537e+00,1.143458476866316076e+00,6.961713858336022742e-01
2.003613612018433354e-01,2.304420156251918775e-02,3.723357420782604343e+00,1.052128204111568710e+00,6.535283591033704820e-01
9.374786352776921794e-02,2.268253912384016191e-02,4.060588819954871198e+00,1.233803558915760323e+00,6.545159889662731656e-01
1.223612944251297879e-01,2.227959291972452655e-02,4.685359342640357916e+00,9.588617794997055244e-01,7.754355922255199429e-01
2.948592234657706479e-01,2.018334426167281079e-02,3.383467391347140918e+00,7.809857264523393239e-01,7.255590701365005613e-01
3.272350922728050615e-01,2.072484622848825772e-02,4.661407568865736373e+00,8.019644621560347852e-01,7.425250010916031318e-01
1.729770325608459558e-01,2.472255678906757140e-02,2.143581358690744842e+00,1.145006556518468832e+00,7.430182642260659831e-01
3.686905004496593419e-01,2.515543307301774598e-02,4.086820341352511932e+00,1.139913614402245479e+00,7.796218260226398522e-01
2.763399368178378057e-01,2.297814891515532337e-02,4.262990150093707520e+00,1.185728477727528318e+00,7.222643091279548067e-01
3.051357932099513226e-01,2.525942921630711796e-02,2.121744980815284620e+00,1.215437941539380784e+00,6.851103703098649911e-01
3.198400017328467126e-01,2.354236946002067829e-02,4.548004204299534337e+00,7.696892444468103056e-01,7.930037322076781692e-01
3.205989691851007795e-01,2.219991186478081913e-02,2.769871266369382301e+00,1.097376138158142389e+00,6.777507819179539039e-01
2.325057862946482701e-01,2.479259548350749853e-02,3.159577295986003342e+00,1.191718521322403079e+00,7.493430576535780041e-01
3.613992655330988679e-01,2.369379853690415511e-02,4.067901514111320616e+00,1.128120950455497873e+00,6.459294826107752074e-01
1.776490088227483111e-01,2.288317252972721719e-02,3.973415286624851994e+00,1.231997855611797199e+00,8.033445756192598708e-01
2.063052955007181610e-01,2.051041580453375618e-02,2.828783805286699149e+00,1.105688899409677628e+00,7.279858378536069319e-01
2.722922914396599392e-01,2.489912123004114214e-02,3.223494982759606664e+00,1.126529150985553507e+00,7.878983056886027514e-01
1.852314907243846620e-01,2.124915913316980168e-02,4.273435735185118212e+00,1.102369608463719342e+00,8.042503727268055513e-01
1.241025214473624044e-01,2.310732718956330992e-02,2.630033742489338522e+00,7.656710909411313937e-01,7.772853813425730785e-01
3.642180257907789986e-01,2.285556977297645287e-02,3.433077249569352674e+00,1.136893848684336961e+00,6.916219793767482971e-01
2.646702243994549786e-01,2.301766418850468426e-02,3.191029722248901024e+00,1.222821409700624695e+00,7.045029739961681248e-01
1.304598033972643734e-01,1.937266247089998797e-02,2.662459043618897070e+00,8.765287218609825182e-01,7.268277451540715584e-01
1.602603124099039045e-01,2.377658859740197639e-02,3.772455234834040105e+00,9.540020224060863363e-01,7.476974385361839781e-01
1.591775190978684251e-01,2.111864411173109204e-02,3.848612122235958388e+00,7.559063551250844171e-01,7.049067214307095375e-01
1.018839965728857988e-01,2.233708545696875408e-02,3.367509516209688414e+00,8.417354628241617842e-01,6.905066879369599064e-01
2.463992892744019669e-01,2.514542374880937917e-02,2.055857952054542359e+00,1.002566646471433565e+00,7.753169503687041830e-01
2.615962983262724584e-01,1.987659026166517517e-02,3.197482100206426203e+00,1.099509018848557007e+00,6.789186726518348092e-01
2.568166594189217333e-01,2.090206302145076675e-02,2.501580839651778021e+00,7.594782055895774597e-01,7.455651916847004790e-01
1.532272906145452640e-01,2.472984104283479714e-02,3.743497197627135620e+00,7.780999015259553175e-01,6.649764491804316391e-01
2.071182731666137700e-01,2.442360498821549014e-02,3.400458399121648156e+00,1.060525079253408887e+00,6.937038482446783449e-01
2.270346591453440976e-01,2.230634078986942423e-02,4.514532574180375235e+00,1.006678384709171592e+00,7.630820219871587984e-01
1.386782265628501154e-01,2.434532457279600659e-02,4.808774035730956520e+00,9.284582587185314928e-01,7.474532415163237520e-01
1.368797985295763797e-01,2.038200720249954551e-02,4.474282271194876870e+00,8.428000270344315759e-01,7.985981900703161829e-01
1.411490437683928789e-01,2.207105858737742204e-02,2.185145566633250436e+00,8.951353241243397152e-01,7.944959903768356035e-01
1.275176363736762464e-01,2.212995332499313739e-02,3.241040223280292842e+00,1.225139802811015421e+00,7.960438012420572029e-01
1.775891720413416697e-01,2.007423782340018309e-02,4.497353145588003365e+00,1.258756735181901343e+00,7.821100058614649519e-01
1.102732476988436128e-01,2.516985332048917237e-02,4.120342388055425964e+00,1.243437123716436332e+00,7.085244856026117199e-01
9.158354385008103671e-02,2.314294135321210907e-02,3.093200653120129928e+00,1.063000805509556113e+00,7.625799504088890401e-01
2.871971205615159173e-01,2.460200371750397713e-02,3.008561586733114801e+00,1.036096963848825325e+00,6.623502850847599044e-01
3.665743193231337238e-01,2.144887492771632709e-02,2.840311253998333729e+00,1.003794558918662094e+00,8.015193608908076639e-01
3.481708318007738501e-01,2.302272472994821087e-02,2.019069481751182948e+00,1.022296551208290882e+00,7.071379465096629957e-01
2.423005264361667022e-01,2.043485794342495346e-02,2.697693929696875159e+00,9.667375821155492766e-01,8.041225408685394038e-01
3.300522960276064954e-01,1.954607717179832754e-02,4.643474714847979357e+00,1.118194970644917241e+00,7.516729050007742163e-01
1.940619407133013785e-01,1.933175781074818189e-02,2.098887354596053356e+00,1.189009207040350624e+00,7.883543595987185792e-01
3.011962092881464992e-01,2.494759628650965178e-02,2.455184140791185410e+00,1.238237207564339082e+00,7.744042664921190200e-01
2.095270238664373452e-01,1.995747526267357269e-02,3.668392853530169084e+00,1.171770396558660998e+00,7.767102309957798489e-01
3.702483517969586968e-01,2.035722519731568078e-02,4.303936258939465631e+00,1.159248716779984534e+00,7.018736164683102574e-01
1.456870768062862309e-01,2.000259152985317881e-02,3.557265012497968115e+00,8.619539465759877839e-01,6.755891381886880431e-01
8.491539199444464447e-02,2.477587470331834782e-02,2.196856072384119951e+00,1.095209866598807036e+00,7.463447045734430407e-01
3.610093935206532545e-01,2.357767572512058096e-02,2.354275970181217925e+00,1.174594493300281428e+00,7.556494341243896740e-01
3.094375064717048707e-01,2.077434856791701007e-02,3.404182254321407086e+00,1.167042907905113225e+00,7.798761774317827244e-01
2.667265790090895816e-01,2.454254858650593146e-02,2.976461076649044912e+00,8.409517320017331210e-01,6.883950865978655242e-01
3.596127861431243078e-01,2.103408736808038901e-02,4.426876997511507206e+00,1.197016549132764229e+00,7.852380444921179814e-01
1.093804582656826008e-01,2.315172865749196701e-02,3.344374488029583148e+00,1.038528399258572765e+00,7.121405514177866491e-01
1.598248120506572389e-01,2.481979575902968499e-02,2.741580107406621281e+00,8.961189799377693443e-01,6.569332151866518199e-01
2.030910199980811848e-01,1.975587673265672903e-02,3.390734553213648805e+00,7.572508024053646869e-01,7.832027872167340865e-01
3.356999734517839284e-01,1.920537363112717957e-02,4.285175250202183150e+00,1.150498329743277370e+00,6.589382917759754044e-01
1.143032013550774606e-01,2.096815267316950657e-02,2.954114510287997319e+00,7.922950658447109884e-01,7.184095364995114474e-01
2.450391087859867534e-01,2.452794567760313224e-02,4.012877480802544028e+00,1.058099967850465006e+00,7.310857153323572222e-01
2.675197428511454367e-01,2.534030766523303821e-02,2.569937420835533448e+00,1.114432147108949778e+00,7.215103539538010313e-01
3.080181956666241394e-01,2.464540499757137543e-02,2.062256624573330033e+00,8.782793210526927963e-01,6.748258834637888004e-01
2.188463493078386946e-01,2.222033092446392549e-02,2.922656058179213812e+00,9.336597034998237454e-01,7.299859103238582891e-01
3.335930551786255305e-01,2.067700513461604925e-02,4.352220763334911702e+00,8.453797782284204754e-01,6.677860683477204740e-01
3.801221037737745889e-01,2.186807863116543849e-02,2.761115711984223786e+00,8.107229378882793158e-01,8.024630244674253454e-01
3.042869825564230579e-01,2.326869028667314168e-02,2.331316657900484479e+00,1.042745419808197571e+00,8.019806752589624388e-01
1.502894971705229232e-01,2.457245265505834941e-02,2.038350345493714411e+00,8.026476827961392946e-01,7.737652377799433268e-01
1.657521782274542776e-01,2.436030233658710575e-02,2.149318831616358949e+00,1.088947991808596694e+00,6.639947202326822451e-01
3.149084327508042680e-01,2.365840421007434080e-02,4.053505404939643064e+00,8.790407346477729922e-01,6.676526118944677846e-01
1.974301414332631788e-01,2.120101431463192881e-02,3.945179522457066490e+00,7.619382416164504068e-01,8.002373393751029962e-01
1.739652780485805295e-01,2.290522347030229944e-02,2.881290062584867417e+00,1.019361973313428482e+00,7.880756112135108848e-01
1.119233661910238320e-01,2.375141290125390436e-02,3.999697793505991861e+00,7.798566068212503533e-01,7.575818268297240810e-01
2.039657723876276696e-01,2.436928313276450972e-02,2.825268504458759988e+00,8.401580336472020960e-01,7.711421015205608409e-01
3.604403053164947912e-01,2.182358668568497306e-02,4.752791983514140561e+00,1.157727945760358201e+00,6.657483177397865992e-01
2.832574281325751508e-01,2.250011852134298218e-02,2.849247724361811507e+00,8.125564062216321659e-01,7.623210527687054316e-01
3.115340098414478565e-01,2.287546330039016973e-02,3.771896409760601365e+00,1.090824066736828524e+00,7.471599556927848163e-01
2.962255406654252243e-01,2.506397570402407737e-02,3.963840404398179196e+00,9.180961249204353525e-01,7.706190945331473641e-01
1.027987612378223892e-01,2.184135140848858514e-02,4.313872677151627144e+00,9.066328152155505027e-01,6.593619536019303951e-01
1.723907386456055568e-01,2.522388806755933646e-02,3.955917333972126748e+00,1.203700712068658252e+00,6.701192714340240553e-01
2.314310291166137290e-01,2.444573823362123158e-02,3.917507816686249811e+00,8.230674221227876064e-01,6.835912648646161882e-01
2.653583241668994175e-01,2.363215097334747661e-02,2.665850458522373678e+00,1.054167878810688963e+00,6.989406974927055982e-01
1.522243602750355806e-01,2.527717077728873496e-02,3.374338783484651660e+00,9.578458895389923011e-01,7.124952458560560586e-01
2.309292474137899509e-01,1.934119353618798595e-02,4.130505355689487956e+00,8.340470569857393324e-01,6.912321810646449016e-01
2.352189085421059478e-01,2.209863340347493002e-02,2.438580084381949398e+00,1.217495583421830396e+00,7.964971867219171608e-01
1.271394518675002250e-01,2.305612080311309278e-02,4.836474533611723636e+00,1.152701829770859332e+00,6.830479202752840484e-01
9.034017453538255304e-02,2.056393803135305245e-02,4.480988207476677587e+00,8.602855556530875081e-01,7.400922824758756624e-01
1.337459447906725052e-01,2.542446247300086601e-02,2.821007319665654212e+00,1.234760102249123026e+00,6.617435443592071254e-01
2.621848520016297757e-01,2.283052508921967413e-02,3.424305359752477962e+00,1.223624392716400555e+00,7.615026942286640121e-01
3.244481430938468414e-01,2.153380513563891638e-02,3.357911819805203368e+00,7.107788206179626034e-01,6.858748738525063393e-01
1.758787657370232682e-01,1.994879539253888862e-02,4.745067562966559294e+00,1.170727149118762522e+00,7.065129948536679194e-01
1.198760460198764616e-01,2.381271646425686672e-02,2.917232219094689327e+00,7.544316843907348247e-01,6.804331616645027392e-01
9.757317182105980369e-02,2.011694165077898902e-02,3.729778806168819294e+00,8.981200930023567341e-01,7.868666035904829936e-01
1.405699257544801295e-01,2.550786672375909836e-02,4.885850980803091659e+00,1.135876676441915034e+00,6.999510557220689488e-01
2.699901046064775434e-01,2.142522212665667891e-02,2.536981119582337296e+00,1.148664035638794267e+00,6.497029660131502515e-01
3.919926658197120384e-01,2.151773142939852890e-02,3.795743821157188336e+00,1.202020552827976374e+00,7.544568896873946606e-01
9.409971558151773718e-02,2.170103666536090867e-02,3.893645728211616586e+00,1.104630230107531030e+00,7.421917666763252486e-01
2.184055128961895631e-01,2.501790530532784634e-02,4.576229793159849457e+00,1.027338704919815271e+00,8.072823497767280809e-01
2.660744699470979913e-01,1.976032716462155711e-02,2.220182875493820873e+00,8.481938406950793041e-01,6.911168183337431659e-01
3.221015141129959791e-01,2.024878079647850215e-02,3.703291386951133468e+00,1.269702497509308303e+00,6.759032610409613229e-01
2.563564084522331754e-01,2.028963511311402540e-02,2.208625159832230178e+00,1.250535154692362649e+00,7.355453713476378663e-01
2.104797821726835938e-01,2.277727889459114571e-02,4.785669652693670173e+00,7.676200127786025895e-01,7.936939947678056662e-01
3.074417687107434682e-01,2.270221648646564977e-02,4.021084505822323685e+00,8.065555724840614005e-01,7.642442913521640957e-01
3.192482841887698819e-01,2.529723961680475919e-02,1.926621277304505941e+00,9.802188166573642114e-01,7.426654624026733931e-01
2.941176633300631726e-01,1.970001928402716207e-02,2.223672523227985920e+00,1.091487004039064068e+00,7.334932776063775028e-01
1.871719719360491196e-01,2.106328794114617139e-02,4.196013960273052845e+00,9.766015507915060123e-01,6.933256115154922128e-01
8.131077730836346051e-02,2.135065667138062728e-02,2.206104739778488089e+00,7.587350546927190686e-01,7.647236173789763169e-01
1.842600014356523541e-01,1.982185391025059057e-02,2.291391931086780076e+00,7.266002136944792467e-01,6.636597396890260292e-01
1.390824206926767337e-01,2.344931473359605431e-02,2.509952298317475350e+00,9.250418643619863213e-01,7.203274301700479665e-01
3.666987095709517419e-01,2.555227563872421170e-02,3.297789764317264005e+00,1.027995286361220950e+00,8.037789678824692752e-01
1.889635519889743820e-01,2.097909169170679433e-02,3.227641185235883281e+00,1.079215543853584425e+00,6.693667082167137350e-01
3.509039945305417185e-01,2.013906954553304485e-02,2.899300198897624803e+00,9.035166453079317428e-01,6.900651088867243432e-01
2.508535462817177430e-01,2.300032724347617075e-02,2.392257392631704782e+00,8.926392824335023235e-01,8.056396541643982001e-01
3.753190779823715184e-01,2.064914343651570033e-02,4.876208704120198689e+00,8.707416315984909394e-01,7.909030629294178105e-01
1.558228068765440955e-01,2.063129660125821718e-02,3.040246347393466664e+00,1.246017104525398489e+00,7.149318457845506014e-01
3.308005914774908574e-01,2.335546541036712109e-02,4.683082374634267353e+00,9.082771595448255741e-01,7.136311443282571387e-01
1.235012029849087423e-01,2.415039777236711177e-02,3.136576594913051963e+00,1.192344481850415416e+00,7.008973278747777647e-01
2.521614494840613840e-01,2.580972099750908008e-02,2.047379876608820037e+00,7.535191765300929267e-01,6.821604984936210370e-01
1.053684431933799293e-01,2.030322919144807170e-02,2.649433632467873334e+00,8.180273014382457575e-01,8.023041325507314081e-01
1.007138637857604158e-01,2.539961686716135647e-02,4.737463384822196311e+00,1.051435353681724472e+00,7.695115584622602700e-01
9.296199079907499496e-02,2.194816021800786304e-02,4.091816717221075095e+00,8.290662057111040095e-01,8.079023529690689820e-01
1.952781960553582885e-01,2.261079544874280284e-02,1.827925294153206037e+00,1.068777987225912440e+00,6.532548143300507260e-01
6.512891611888071974e-02,2.500030192371318141e-02,4.169747524878474110e+00,8.542314367748800041e-01,7.836170697787031569e-01
2.411031583169287729e-01,2.078515957183623558e-02,3.439569636807170205e+00,9.611662745202891323e-01,7.580015167684015509e-01
2.719630632033013806e-01,2.224886952620930627e-02,2.294807864354831750e+00,1.084213131726067481e+00,7.481312699727062920e-01
1.077753598022368475e-01,2.363802839639782966e-02,1.885229363985871931e+00,1.149102454917505511e+00,7.021410042973887933e-01
2.899308190859668510e-01,2.496525702447490933e-02,4.538906191342650942e+00,7.151925536058842958e-01,6.865494522791542042e-01
1.869209160357435673e-01,2.271648046454508019e-02,4.554733256634230898e+00,9.934376584962010259e-01,8.067091077575273550e-01
2.689211157568917043e-01,2.563838803786272144e-02,3.757920896494855612e+00,9.463976860553955373e-01,7.220345545945502375e-01
3.562203958868050413e-01,2.491282000552071454e-02,2.889264127688390360e+00,7.777966135076247456e-01,7.776913200924266967e-01
3.794259249382745947e-01,2.392094494050135689e-02,3.377531062518525307e+00,1.110639733818080233e+00,7.823347686983646021e-01
2.516791193860304920e-01,2.192439958900073427e-02,4.218052609983970136e+00,8.579923164648003420e-01,6.563137243896071116e-01
8.530165252741427062e-02,2.537054233642946702e-02,4.246918198192444649e+00,7.962168115394188117e-01,6.977285798249392990e-01
3.570239210192114321e-01,2.430136431433167418e-02,4.721716432146915388e+00,1.132383640520367996e+00,7.348929706324544009e-01
3.262740533652342401e-01,2.385810854329261863e-02,3.329934443720198090e+00,1.239297907005623145e+00,6.722406787225790881e-01
1.690416560402231982e-01,1.982742046998907035e-02,1.772810348932398306e+00,1.046206064938940195e+00,6.740724866072833610e-01
1.074870921641401522e-01,1.960568828391004437e-02,4.560975355444708335e+00,7.362668076100759018e-01,7.114673406061809979e-01
1.345404326941632700e-01,2.117249853052105904e-02,4.761303945972070295e+00,1.177121644605230610e+00,7.466442678660339949e-01
3.980710783410632003e-01,2.116281045140605208e-02,2.260234648534282798e+00,9.881875387132167399e-01,7.056693712624069192e-01
3.136707566001545877e-01,2.061363444825867197e-02,3.886098567037797658e+00,9.942191717861217359e-01,6.781840759010613340e-01
1.496233405506424419e-01,2.407999397934647290e-02,3.253252486724730996e+00,1.156218886056542106e+00,7.716138406983110709e-01
1.322215038521587782e-01,2.351498008773802301e-02,2.076056899053416949e+00,9.984812060003169787e-01,7.967007480178773804e-01
2.626970391085372558e-01,2.057232113413512767e-02,2.179561714983731413e+00,7.911608825326899019e-01,7.973811506953556449e-01
1.331800027133522857e-01,2.279971086036274019e-02,2.371667431860557063e+00,9.313315022068096027e-01,6.607424552779178617e-01
2.729163833323585697e-01,2.411354218185180961e-02,3.445559240901842291e+00,9.213939924139527005e-01,8.086264642898925992e-01
2.525982530239132551e-01,2.178564983616257042e-02,2.574952815259853089e+00,7.866349813723005902e-01,6.956594555999618956e-01
1.678904261689166955e-01,2.511387557916902255e-02,4.139502288567832089e+00,1.180831283280812105e+00,7.697172354477271883e-01
3.648353123477661164e-01,2.553996357430564357e-02,2.526761710380716064e+00,1.235599816969036979e+00,7.395280945257005634e-01
1.900366883886793201e-01,2.033121018783049308e-02,2.866571854072575309e+00,9.438945068993607190e-01,7.038367279599514470e-01
3.871806319067814806e-01,2.242916373162902668e-02,4.074366287190652081e+00,8.151257253807969727e-01,8.005692714338191740e-01
8.243146946027873900e-02,2.312718441444635079e-02,3.938870391009886340e+00,1.050345901460480125e+00,6.712532101295887177e-01
1.401410155704989613e-01,2.065406423436803515e-02,1.988468701303377717e+00,9.793978760513475379e-01,7.538891250406671851e-01
3.332175015073549074e-01,2.419070913683576962e-02,4.612027939890789519e+00,1.292959231425821809e+00,6.946577677331119416e-01
3.379452350275031214e-01,2.512205505703389574e-02,2.581467446614010175e+00,1.211451240070070767e+00,6.499687495326343933e-01
2.301985328480134485e-01,2.189172964559634935e-02,4.321006601595414054e+00,1.187076119371782923e+00,7.733626838776188617e-01
1.985088858958334312e-01,2.273647995381755660e-02,3.280181159536957658e+00,9.563054614284075550e-01,6.844393558801804556e-01
2.056046915691251142e-01,2.539656994188716627e-02,3.121327153419050759e+00,7.188470941443927398e-01,6.643975118626280763e-01
1.568423157666717360e-01,2.536453983495663700e-02,2.345750497526442935e+00,8.560927417481318802e-01,7.059223619626090462e-01
2.801637618564440935e-01,2.317062676446372468e-02,2.603535484280342871e+00,9.165925292334519137e-01,6.665265364631823841e-01
1.057403114064689037e-01,2.048390769815770784e-02,2.352868956591093852e+00,1.119680949316266938e+00,7.110479873800370498e-01
1.574940664374363530e-01,1.959664681315142695e-02,3.261039025923422763e+00,9.999220901574938924e-01,7.546047373539954695e-01
2.579858428157494332e-01,2.091594723421614718e-02,1.839914641624037062e+00,9.518788276001811655e-01,7.724259747026115397e-01
2.572171503068878540e-01,2.545059912511286881e-02,4.580960394870116303e+00,8.971040345346555922e-01,6.560772452696971291e-01
9.642298018070868948e-02,2.566256260432535352e-02,2.695881451643536764e+00,7.254330563310533719e-01,7.523264583687949703e-01
2.245626402444670100e-01,2.267034373615356424e-02,1.995844961690204311e+00,1.263809115249757031e+00,7.316718687213771277e-01
1.630838403232117151e-01,2.447485594732500686e-02,4.124790049520553836e+00,8.380907634583298904e-01,7.998362396614812075e-01
1.844674923028239433e-01,2.248020942529244462e-02,2.562558893133977556e+00,1.104133036025240822e+00,6.982576714480110969e-01
3.532226424743606930e-01,2.346486040553124458e-02,2.407355223962525770e+00,1.251543265986535536e+00,7.098395483350288249e-01
2.404633175174518411e-01,2.217846816415479372e-02,3.839115784814765675e+00,9.107889604398982097e-01,8.047884848689100812e-01
3.405032095462269814e-01,2.175233042502263195e-02,3.880827217293856712e+00,8.841713437220080074e-01,7.130232997654005755e-01
3.818479501618257665e-01,2.488358751348965225e-02,4.258912224636365984e+00,7.602846206108109239e-01,7.116999256121460116e-01
7.176419896717183000e-02,2.503697008655453304e-02,3.538279865794301315e+00,9.363447968415915534e-01,6.507366192604974175e-01
3.969846624866034679e-01,2.026067200035461952e-02,3.619527204300229783e+00,7.633057120532728002e-01,6.508416227581258484e-01
2.273303880709875990e-01,2.367422699421644489e-02,4.459890060561474634e+00,8.911537733191623456e-01,7.338642247706466115e-01
3.393240175651479063e-01,2.379570387774985335e-02,3.031931781176337992e+00,1.101448306915443265e+00,7.271332265718746246e-01
2.931715565049928252e-01,2.201547856416925797e-02,3.737327736629405095e+00,1.177605899244919652e+00,6.581225317796413066e-01
3.186718798959812804e-01,1.943091987179918281e-02,2.980685034787607712e+00,1.264210950419306645e+00,7.598026817843784864e-01
3.994268988010941102e-01,2.238801194888725629e-02,2.790898144680307613e+00,9.685288924537599486e-01,7.567503041600529556e-01
3.247447499628551282e-01,2.197503433772409268e-02,1.787879978698724948e+00,1.138736131414771036e+00,6.882082924121432077e-01
7.564632923297583134e-02,2.107938166427937923e-02,2.912607353295153079e+00,9.616952590976841631e-01,7.729948548449482315e-01
1.464183082988579354e-01,2.532079422470228519e-02,2.637011558108076859e+00,9.752417204901573378e-01,7.727893983561732183e-01
3.348353902363216950e-01,2.283639658870920131e-02,4.696856062773474783e+00,9.198468991676342910e-01,7.800800149155593388e-01
6.257413318680599135e-02,2.323820389878843151e-02,3.861379444314912313e+00,1.230994295210484424e+00,8.055608600088673965e-01
1.608561184657178456e-01,2.158871655314508614e-02,2.988458909811405384e+00,7.929972025814463477e-01,6.553264228855818496e-01
3.696838713873643045e-01,2.060333642122521777e-02,2.777047858944067915e+00,8.241514603428543584e-01,7.489445931268297052e-01
1.288463107046576295e-01,2.008947031392529364e-02,4.454090006432635640e+00,1.094719941414706632e+00,7.856474004331696070e-01
1.705011164875980256e-01,2.398574170439085260e-02,4.374016895485389966e+00,9.896802070172505683e-01,6.825794087159818835e-01
3.108973740286006815e-01,2.347649748629796959e-02,4.143491167275048959e+00,1.254228422504942708e+00,8.173025507948546986e-01
1.194765624409169780e-01,2.092274218867439667e-02,4.176235961695013543e+00,1.229528289680927866e+00,6.801185586865898802e-01
1.560599595097267867e-01,2.355215828982554563e-02,2.278611848349263447e+00,1.266370843367930821e+00,7.874280104368366340e-01
2.743058883062748921e-01,2.328661171343596875e-02,4.902418896349797883e+00,1.071055162509065184e+00,6.595962287796940382e-01
1.682741979793552778e-01,1.966831383254751681e-02,4.619069660446187164e+00,1.059679441012069567e+00,6.500862394549418166e-01
3.126789409172535672e-01,2.224594533102633442e-02,1.869767176554910870e+00,8.758402671414429186e-01,7.007112938784714196e-01
3.895061693880520481e-01,2.469293029619567398e-02,2.491409350721257354e+00,9.402133501688019201e-01,8.059828692919853710e-01
3.362509179583843544e-01,2.415785336662968491e-02,2.725804001149162215e+00,7.214736073112114623e-01,7.285399974234215703e-01
1.156890346425400729e-01,2.377209260088251550e-02,4.106401308673294004e+00,1.074825250906497498e+00,8.155290855127106386e-01
3.374155080510117810e-01,2.188190708199515624e-02,3.572687696169454696e+00,1.271890559060033121e+00,7.079030228368659028e-01
1.312309247134720303e-01,2.012741842293972599e-02,1.817632013149186765e+00,8.352903763810173299e-01,7.054337257788423354e-01
2.231584794446266062e-01,2.019683202380034848e-02,4.415328919052752710e+00,7.219505051081067659e-01,7.266893826838769499e-01
7.909016952713951443e-02,2.083988279035873734e-02,3.496973541572408806e+00,7.439537985555827460e-01,6.689577263089550030e-01
3.656701414453890631e-01,2.426666568497149595e-02,3.107393265199661414e+00,9.052330206556244985e-01,6.921457833220530098e-01
1.169130775457528915e-01,2.135511756760534105e-02,4.797564526771612492e+00,1.005838947746251044e+00,7.212381714963168600e-01
2.916369226422439453e-01,2.087501849300088530e-02,2.520163375461986544e+00,1.113040429559908562e+00,8.010494858094304726e-01
7.504880073956213260e-02,2.028208418252598622e-02,3.410022612420095633e+00,1.122386915257386875e+00,6.410022594059444634e-01
2.856142019430081280e-01,1.908530489136418123e-02,3.595428588149604199e+00,9.527637084081771457e-01,7.293966227614507858e-01
1.367748071162494250e-01,2.217094393340312067e-02,2.399429806254337549e+00,1.207117465912457721e+00,6.548399686926790197e-01
3.885383214880990255e-01,2.451462994080269575e-02,4.440858152489457922e+00,1.033325639655906958e+00,6.768070800362061545e-01
6.819981033205986531e-02,2.585112120135640498e-02,2.856825835374881883e+00,8.131778756845743361e-01,6.731065745639521758e-01
1.149073206076585973e-01,1.971754879679623804e-02,2.137533291032815974e+00,1.285947921708598507e+00,8.165894948757440597e-01
1.959441845904662249e-01,2.243496596959559247e-02,3.654704004284041741e+00,1.083946603980753265e+00,7.327737004713806845e-01
2.782110302546060843e-01,2.049022116039227875e-02,3.712405055637518103e+00,1.125708427773416176e+00,7.170855269461124948e-01
2.895322465766778652e-01,1.986685566977271569e-02,3.631766757131508871e+00,8.276059169577435481e-01,6.599717190272640366e-01
1.785112994391470642e-01,2.402254227100592346e-02,4.450193893288077795e+00,1.226846825991850576e+00,7.043431003131903623e-01
9.810394325684745898e-02,2.359051595704583781e-02,1.799735240004956438e+00,7.858762726749290994e-01,6.841739032903034756e-01
3.844722581430804476e-01,2.236129315639007881e-02,1.857376497483206768e+00,8.312543605811895109e-01,6.538983208688069482e-01
3.546159007825329668e-01,1.907479690186353327e-02,4.644671433248091397e+00,7.338716495835222453e-01,6.974197634222916165e-01
2.735400639956072633e-01,1.962750225536245841e-02,2.707711591505026050e+00,8.896839642481875199e-01,7.583467579677795056e-01
2.773730787828285749e-01,2.520490652547404190e-02,1.932462414533365536e+00,1.085561256843805555e+00,6.444747213808260655e-01
1.989738392088376551e-01,2.245625751610472870e-02,2.025035356914903772e+00,7.192193775125778066e-01,7.791394394878856655e-01
3.712402624679543850e-01,1.952235971412621257e-02,1.954632629358721729e+00,9.715092922949228882e-01,7.747440265634284451e-01
2.828459612256194466e-01,2.546834173197904186e-02,4.392503341821625718e+00,1.160531248786952130e+00,6.900275511415862040e-01
1.743698203310835859e-01,1.921985794061236222e-02,4.423195864195795579e+00,9.241602580618113461e-01,7.365048835473042566e-01
3.941075757442416561e-01,2.046459208638267552e-02,3.637139474757667301e+00,1.204342456609103884e+00,7.988871745268719682e-01
2.786514077878372020e-01,2.406280521078128093e-02,3.780785359442606186e+00,7.493786519194021167e-01,6.419609416819457293e-01
8.077148751832544105e-02,2.280813836023397670e-02,4.602568745510188464e+00,1.109533590415772153e+00,7.663269081802294158e-01
2.709982511605787403e-01,2.095435721148037819e-02,4.948861816404201974e+00,1.108648127372283465e+00,6.876987837689184646e-01
2.115209086994175036e-01,2.074542818051017604e-02,4.898818312619811266e+00,9.634360064001753488e-01,7.970597493093368735e-01
3.432861540755816065e-01,2.419523489148635298e-02,3.023038707082205345e+00,1.257189487506076508e+00,8.136925318065006962e-01
3.277606959797161323e-01,2.075905546962329706e-02,3.918178847145707522e+00,8.202904839093795308e-01,7.700503904528542831e-01
2.493240581465510919e-01,1.938791441970551255e-02,2.014493349325889859e+00,1.273909152364358199e+00,6.788635316010098730e-01
9.599118605186233999e-02,2.504857128566410213e-02,3.217108217681153626e+00,1.292612013302836482e+00,8.157908725375775383e-01
1.649044205895719428e-01,2.127873566822754275e-02,2.800274083963224747e+00,1.147239916049596076e+00,7.760368498626444289e-01
7.317638225705361266e-02,2.331513933974318359e-02,4.491346540965556855e+00,8.468254421854389813e-01,7.227826533901224870e-01
3.166120473358219889e-01,2.208926028765272054e-02,1.728169405541429171e+00,7.956711277360095647e-01,7.768559427759236247e-01
3.854658810401986879e-01,1.916123364123702155e-02,2.967973126473976819e+00,1.175312311958986999e+00,6.923050527035909951e-01
3.014733739301004301e-01,2.196190242703026027e-02,4.864087584666767050e+00,1.099651993315573506e+00,8.111406911637261130e-01
1.584722481898871438e-01,2.571753566683689096e-02,3.312521077392994950e+00,7.884859153938477139e-01,7.899962693952210513e-01
2.957749052886013974e-01,2.428103898028377214e-02,2.550607206375106184e+00,8.878970508275553231e-01,7.571846114849112297e-01
7.998635365824213750e-02,2.581920589868352128e-02,1.721057511257100492e+00,8.700463702779261954e-01,7.435657656895182654e-01
3.417926806081739710e-01,2.126645731026679392e-02,4.665644747221517896e+00,1.262314239291846940e+00,7.346754587396793212e-01
3.157628333025890854e-01,2.339733836320368604e-02,2.874399910708375749e+00,7.983652687932363268e-01,8.148312267490662730e-01
3.318207802781182880e-01,2.590094378988258214e-02,3.543762570413574675e+00,1.072044546978082602e+00,7.530416130665036345e-01
8.723497388175688316e-02,2.141320689831673757e-02,3.489599526261443430e+00,9.412797205056993022e-01,7.206749109292961419e-01
1.754815423580073919e-01,2.164928452869784026e-02,1.861814167414233001e+00,1.064637080571986694e+00,8.105261206790432826e-01
3.181300154866463781e-01,2.583289832113310619e-02,4.368595584599674453e+00,9.374745207366531607e-01,8.192042458207720035e-01
8.849030810747296472e-02,2.325001747418567119e-02,2.239997418259689344e+00,1.289108865434862361e+00,7.380203136518971307e-01
2.012193640070409628e-01,2.562734459936572007e-02,4.520297319690741666e+00,9.472588809399866694e-01,7.610376370397489154e-01
3.933457444502598821e-01,2.530063818050082292e-02,3.534203462961643449e+00,1.154388266313262079e+00,7.035126438790186842e-01
3.292692135569547651e-01,2.149153727743727954e-02,3.048845696213282164e+00,9.646634075205771097e-01,6.471897571506258773e-01
1.217870137133076208e-01,2.352939171442296543e-02,3.319668492351799838e+00,8.719279796365647650e-01,7.779887592980172517e-01
2.152628496213350173e-01,2.519978240878042314e-02,1.972563507980667152e+00,8.814450544557531630e-01,6.523144175031315717e-01
1.698833974606170916e-01,2.525335300854639892e-02,3.553941498951472155e+00,7.818918621962889226e-01,7.168836953340750329e-01
1.837521483951806700e-01,2.338673235152801538e-02,3.515670824603969180e+00,1.225820734426844805e+00,6.585306045770458194e-01
2.204423999840020298e-01,2.449396462194016605e-02,3.091444145346200045e+00,1.009260536533314934e+00,7.371864803558030310e-01
1.029455512930174121e-01,2.438104092210810828e-02,2.722020818896731420e+00,1.030439654442388608e+00,6.816040920078939580e-01
1.709074717956315936e-01,1.972890799915417992e-02,4.874263793275552814e+00,8.300845826908946901e-01,6.705478661531583118e-01
1.973543414628600445e-01,2.503098585461452363e-02,2.405132934142696133e+00,1.279696732679847404e+00,7.246170171149168837e-01
2.869104125134739891e-01,1.967969134465232320e-02,2.335780570800742417e+00,1.065230380869284232e+00,6.709219006907102267e-01
3.583549248391015851e-01,1.924901379522541561e-02,4.986072304493280427e+00,1.012200147014763463e+00,7.915457957372907805e-01
2.217287848680186413e-01,2.130365511131053838e-02,1.883392820119345279e+00,9.834637700726277521e-01,7.004441291946824633e-01
3.415154951555282592e-01,2.274553687648894415e-02,4.150770082309748865e+00,7.384166953351347651e-01,6.871156766479928901e-01
1.637539733700267286e-01,2.174060520150792111e-02,4.468454226274414687e+00,8.086124463120477612e-01,7.587864985693433262e-01
1.790514360644109015e-01,2.136935538938175561e-02,2.753783057786756139e+00,8.645320392193269754e-01,7.688530524014961509e-01
1.157769420904108670e-01,1.910120275911781837e-02,3.455071378402317706e+00,7.728592010013759506e-01,8.140721480620838335e-01
6.451176892986519584e-02,2.121742514526797629e-02,4.530150365301267357e+00,1.057229141402244332e+00,6.631205526406782624e-01
1.539298123584873501e-01,2.255970896338438392e-02,2.679000889222185489e+00,7.399568642769939197e-01,7.146579527713172730e-01
1.805138494425825857e-01,1.979309658215707562e-02,3.901691459970827225e+00,1.295546446078736036e+00,7.388674319216982367e-01
3.175780206538642569e-01,2.114437374869221689e-02,4.207055657931231707e+00,1.044196485231537297e+00,7.635593923615664469e-01
3.492879287330153404e-01,2.384014379367744435e-02,3.759294877034750293e+00,8.801633675231594900e-01,7.385259914860036190e-01
1.620611915412358828e-01,1.927130360006820350e-02,2.417285824747477552e+00,1.287871058297343385e+00,7.499558228844405150e-01
1.927854025316144693e-01,2.264571089765941847e-02,3.154176779699603195e+00,1.268448098357301213e+00,7.259833706520777419e-01
3.740439303177035546e-01,1.911509478445118371e-02,4.773805820926372512e+00,7.646574800411241046e-01,7.604523137128632593e-01
2.388226048942562463e-01,1.950984800575580533e-02,3.959381351814883487e+00,1.041845877349749427e+00,8.130351277316454350e-01
8.332433494920843398e-02,2.204940253188601013e-02,3.678289130728413792e+00,7.049568159191869077e-01,7.450121018287073626e-01
3.485696551089548234e-01,2.257383373508229513e-02,2.641229644259531106e+00,1.240547928170580239e+00,6.484788023198955198e-01
1.314211281327810066e-01,2.005409658407839024e-02,3.562462078710087354e+00,1.260509876099973781e+00,8.099320037386192883e-01
2.790589916500636480e-01,2.596447407509851896e-02,3.524007371586979520e+00,7.710009434542617335e-01,7.684095225239824245e-01
3.625703624584805662e-01,2.371412890865002079e-02,4.032440789631239753e+00,1.248397222259361339e+00,7.593437607281934287e-01
1.765401851178518000e-01,2.568157659199833687e-02,3.510550383109786843e+00,1.228665725059527869e+00,7.235832821928803726e-01
1.036116693517750986e-01,2.385787027031835081e-02,4.927663004685006953e+00,1.276229938342142711e+00,6.463478133531100900e-01
2.420517580077331254e-01,2.560877374167181558e-02,3.245794354091351863e+00,1.164780073712672781e+00,6.565650513195805393e-01
3.005454677977879574e-01,2.155034466682979877e-02,2.942307171900571561e+00,9.924327895325607551e-01,7.094221344894171555e-01
3.881345059697981492e-01,1.956600345332687799e-02,4.360964166320675517e+00,1.010162723796256046e+00,6.949042880750448958e-01
1.108666731216013807e-01,1.917811977300187473e-02,4.403940256559009114e+00,7.236746867323293753e-01,7.675503561758809656e-01
3.575187621009163763e-01,2.534791580563178562e-02,3.290568556234192421e+00,8.515489479153417474e-01,6.436685155078861742e-01
2.472666410532874670e-01,2.397396259345859273e-02,2.111859513923105780e+00,8.102022811278699610e-01,7.073551455540209032e-01
2.430698389462009612e-01,1.998544665657030553e-02,4.043321457748115577e+00,1.187775406348611895e+00,6.521368560531549674e-01
1.906105294241940973e-01,1.948732518569100750e-02,3.483336459340248048e+00,7.993094300394879559e-01,7.262212306664791450e-01
2.448848766898455431e-01,2.334847043346520434e-02,1.908685385453421368e+00,1.209695338133256914e+00,6.798999114171695446e-01
6.613887196980416938e-02,1.946609717791760244e-02,4.510344298026431886e+00,1.181986577968857866e+00,7.358597651898581837e-01
6.920742346175945414e-02,2.573665123353339676e-02,3.293126565874553435e+00,1.014497332136519159e+00,7.941656497576368157e-01
3.216731751860865685e-01,2.082692085059452414e-02,2.426159830432803588e+00,7.303399414603597428e-01,6.661054730658513279e-01
3.716750356877687733e-01,1.958223597946902664e-02,1.946329337018588346e+00,1.252448441965133163e+00,7.451408612591401415e-01
1.042085460655296780e-01,1.912625194296846062e-02,4.008271211890083841e+00,8.887198327988385937e-01,6.427382129865885085e-01
2.925505052567926034e-01,2.168467642468214010e-02,4.893238467904597933e+00,7.668490929597987504e-01,7.783510949044395444e-01
3.343484069412294146e-01,2.162318905334407668e-02,4.585442871595733827e+00,9.847861975694073289e-01,6.422774843052588833e-01
2.752168144890666523e-01,2.546554627444548233e-02,4.926078125499979699e+00,9.592894738824104817e-01,7.081780629698745111e-01
2.597064116614497542e-01,2.389541657716640760e-02,4.165349531476105760e+00,1.116530917283426794e+00,7.828594972566887966e-01
1.249131152814066947e-01,2.211485565305966808e-02,4.028659231635043803e+00,1.255708426538388878e+00,7.652491508325188763e-01
1.065301952870098545e-01,2.161410484658042239e-02,2.103411411317113178e+00,7.694509375837629284e-01,6.416118057783692930e-01
1.641649225932361456e-01,2.293772123104054900e-02,4.211363235072279387e+00,7.891808355145155662e-01,6.681874582067875989e-01
2.175299545717891969e-01,2.317460322576621670e-02,3.746966127769741917e+00,7.294266075902617885e-01,7.915734435196686292e-01
2.442397468355857471e-01,2.400524944708030961e-02,2.467116107030167260e+00,1.142295028477721130e+00,7.903759785964712403e-01
2.848148668421245922e-01,1.941388978433096837e-02,3.853840379571029651e+00,1.280808028021734213e+00,7.982578686036914117e-01
3.586472687627747513e-01,2.486875067216064855e-02,2.159848147002932706e+00,1.011315408769250190e+00,6.959278978657535975e-01
9.520390104883363902e-02,2.368490173863479348e-02,1.898813059450313201e+00,7.005791767477057563e-01,7.496661983482912905e-01
1.665375757063087270e-01,2.396060457132942814e-02,2.497127584620240537e+00,7.523102601878344231e-01,8.193181531576533283e-01
1.376612052117753282e-01,2.309126493244711281e-02,2.378621740480606928e+00,1.096725105763785235e+00,7.513425871185772653e-01
3.395897488980089696e-01,1.969152709380630334e-02,2.932495807234755780e+00,9.259645043546331777e-01,8.075520548920704922e-01
2.842764394986162513e-01,2.322715752003761194e-02,3.925802636561077641e+00,1.053259088193345905e+00,6.887539753835647538e-01
7.248852808832191574e-02,2.468310368496644952e-02,1.714992963392007796e+00,9.690850194728931610e-01,6.428838940427824555e-01
8.945886309327558128e-02,1.928814264048449648e-02,2.610522996402486307e+00,9.781153154643249525e-01,6.809354398176259426e-01
8.246118049286306484e-02,2.587473423540172929e-02,2.242829056078195826e+00,1.179161419950891299e+00,7.102472875134925312e-01
2.503004149782099286e-01,1.922439492872031475e-02,3.036555166138197315e+00,1.086973559922911114e+00,7.665694535721372382e-01
1.254180583319442210e-01,1.963692485646344535e-02,2.938062167584758022e+00,1.031643858019355875e+00,8.098996527211740348e-01
3.444922488879318401e-01,2.297588253496261196e-02,4.293272675279155237e+00,1.289415680638514194e+00,6.488589870532508463e-01
9.231775800701229329e-02,2.372147480161720945e-02,4.956932543461909368e+00,9.141330939638427910e-01,7.927161306055541257e-01
2.346491671485639308e-01,2.292124910372309032e-02,4.911515416399901746e+00,1.115311147926095758e+00,7.303503762869444360e-01
2.990972628290486934e-01,2.495678298233635489e-02,4.789028061824573079e+00,7.850712162280455431e-01,7.554038004899956693e-01
7.043915640610269591e-02,2.430999973734188774e-02,3.643621066542992892e+00,7.069152182473800172e-01,6.579520105898752913e-01
1.998006746269482825e-01,2.349376551380520303e-02,2.807906705427543059e+00,1.048493651254940762e+00,6.413660296240448755e-01
3.464553961936758242e-01,1.905424158016312888e-02,1.916752332867495578e+00,8.746300520973279147e-01,7.140387929483875684e-01
3.059272069835571317e-01,2.408208747268561489e-02,1.742879875052999461e+00,1.196068003024626236e+00,7.405413002474978690e-01
3.452204647616204380e-01,2.252465352437691554e-02,1.798313699936261445e+00,1.221883149780798927e+00,8.092711065202020659e-01
3.743082356497833274e-01,2.241532813421590054e-02,2.069472791216846908e+00,9.704270492871291953e-01,8.134185084887035622e-01
6.715240931506269439e-02,2.001314996547018735e-02,1.832666845346847539e+00,1.135390250739269247e+00,7.813058137991000240e-01
2.149581207392925186e-01,2.184858406117465637e-02,4.278481420307278960e+00,1.297103590663335915e+00,6.984998948126472929e-01
2.975657097287289221e-01,2.557572938773175486e-02,3.502960151938068201e+00,7.126981575936078839e-01,6.926145464072656077e-01
2.656796548204310993e-01,2.079991328188823124e-02,4.597056833706189671e+00,9.023893636756575853e-01,7.180775235048867389e-01
3.497558947031200738e-01,2.200563377394667078e-02,2.887265022435783202e+00,1.220158446648251127e+00,7.658506437648368026e-01
1.546816362825689239e-01,1.939596936896582913e-02,1.998442851136159160e+00,7.742341733566485695e-01,7.619151650702581380e-01
2.885092005060705400e-01,2.261901252070115664e-02,3.139681027703685956e+00,9.904486022501253206e-01,7.804119384507183232e-01
3.763985058840271791e-01,2.248876290048612211e-02,3.118243387670815991e+00,7.176987712294794486e-01,7.588277056165877443e-01
7.758108500417321141e-02,2.190491232227068444e-02,2.995410945308067063e+00,7.141030689659527697e-01,8.049549725293740909e-01
7.777305101764389605e-02,2.558317133041703578e-02,3.602211328409473445e+00,1.195283423058968175e+00,6.744543248728755991e-01
3.512217859252634855e-01,1.919255294619640409e-02,3.987424710046780341e+00,1.237516134761646347e+00,7.288119261881894628e-01
1.356225968411844951e-01,1.953802306138398281e-02,2.951982945791632673e+00,1.270361260836664563e+00,6.647297548480424201e-01
3.808949339266866074e-01,2.374027164828544645e-02,1.713002362871961504e+00,8.006982976129275453e-01,7.157558113919292309e-01
6.809334881229325842e-02,2.576322638843115548e-02,3.719289531128107562e+00,1.275404988848976906e+00,7.607480949148908156e-01
2.290023651457951670e-01,2.569901812998158855e-02,4.831049394933508268e+00,1.241594569180719310e+00,7.393142347341682408e-01
1.474308244650625044e-01,2.178943013237509552e-02,3.829718214450312352e+00,9.955805941849946716e-01,7.816050153376348231e-01
3.759666452566908790e-01,2.393581607926217880e-02,4.229495697643095298e+00,1.088392472406476852e+00,8.163178264565764675e-01
2.052106394529155942e-01,1.903935562156094247e-02,1.978951522996462931e+00,1.055833080730959939e+00,7.291304658469558442e-01
3.557816600257157624e-01,1.930678186706825950e-02,3.836178697423219042e+00,7.352340558202936638e-01,8.199148254816048809e-01
7.391603925269098208e-02,2.275441159208537942e-02,4.779948662847280261e+00,1.298363303035869887e+00,7.131789952125586751e-01
1.433975344026088283e-01,2.140069064409379218e-02,1.767237546501541523e+00,1.244662438419647188e+00,7.027136676045973029e-01
6.285535860309376943e-02,2.205373967332905152e-02,4.964912070966791546e+00,7.035804368637501582e-01,7.566164215802307913e-01
3.830299865273012472e-01,1.992923136603413220e-02,1.875806804710906217e+00,1.169498207803536305e+00,6.773890401937626704e-01
3.925773756642358947e-01,2.128225735192186899e-02,3.458855227868350646e+00,1.130615316719561836e+00,6.713774924789276399e-01
9.995195591512122391e-02,2.559892369620036037e-02,4.709223501233430476e+00,1.000025855682138420e+00,6.575414401245489593e-01
2.239493892302178712e-01,2.350561534750973680e-02,2.611784660349741216e+00,7.427192348379640929e-01,6.492476047006155992e-01
2.758370806264038855e-01,2.342341555482568144e-02,4.973714771971152970e+00,8.497700101985595778e-01,6.670954600391164613e-01
3.023114799680839404e-01,2.594115419204300055e-02,1.848489959584036724e+00,9.115973288195204915e-01,8.150119806616101803e-01
2.393296489866355847e-01,2.577760048452345382e-02,1.893668591030221338e+00,1.295172304616682313e+00,6.442452179234754439e-01
1.417462732661423641e-01,1.977328004764346628e-02,3.788442089651944400e+00,1.066672001533676140e+00,6.991502976159656990e-01
2.331461957632193216e-01,2.499067862782440586e-02,3.477496944979995952e+00,1.290564094739593548e+00,8.027307306256796782e-01
3.959017759001814407e-01,2.598695976850064204e-02,2.764752430586748133e+00,8.634904720528983058e-01,7.373919399092533355e-01
1.963731452360563401e-01,2.009507333461568040e-02,3.909060137970979731e+00,7.080338066633790062e-01,6.513150691023189554e-01
7.131397472638638380e-02,2.444709344929596462e-02,3.017694408416513596e+00,8.555025086551906188e-01,7.249928195717000312e-01
3.864796971608232545e-01,2.543083257210767070e-02,4.504464338040351734e+00,9.876453303203919232e-01,7.520283137230387993e-01
1.504944067332892876e-01,2.474005691820755498e-02,4.818624988017604416e+00,7.250141083514317630e-01,7.412448217752202195e-01
2.937072097668237403e-01,2.259412723920168134e-02,4.991179518893594569e+00,1.299998189658671865e+00,7.841908400531858447e-01
3.974681549207308984e-01,2.231905953105352280e-02,3.148650808639126275e+00,8.068373660683629822e-01,6.695917247941902684e-01
2.587742512308712772e-01,2.109563133175764230e-02,3.006153503828215001e+00,7.090750513693317991e-01,8.170957471364270752e-01
2.126831941571273310e-01,2.319364825243502501e-02,1.824468865784304006e+00,9.230550390481947476e-01,7.708187384770065487e-01
3.906220549300965517e-01,1.992039089476363434e-02,3.175228079708573237e+00,1.024270171148516262e+00,7.441933706914447555e-01
7.632728617046029285e-02,2.295107572970632101e-02,2.904815432639838768e+00,1.133317786721699250e+00,8.145705336719470946e-01
3.946186625601817988e-01,2.170546596543118656e-02,4.710106931745725589e+00,7.379824339268729050e-01,7.322811649069841389e-01
6.970887282982468625e-02,2.214665473393071307e-02,3.073841009047908468e+00,1.184186836996674375e+00,6.931987930629308625e-01
7.481702596493065849e-02,2.553163703396544096e-02,2.092186060304007000e+00,9.096966529711150162e-01,8.114883381270616702e-01
3.322666571397241420e-01,2.306027825162652867e-02,1.757903238334879159e+00,1.007832526503875670e+00,6.449777237761485926e-01
9.103275722247547441e-02,2.198230969987856331e-02,2.004753434778796528e+00,9.502025166681034030e-01,7.066082318246923455e-01
3.778117202653644147e-01,2.551955537325190093e-02,4.973000319788744683e+00,1.213075093573331653e+00,6.736812435753457562e-01
2.194714150417316767e-01,2.575587112161191461e-02,3.462714524932206217e+00,9.826402683682737838e-01,7.919309678689948617e-01
2.165337694985977335e-01,2.045520434198435170e-02,2.655084417118689810e+00,9.189530972179023038e-01,6.515648714275564801e-01
6.012360525269059425e-02,1.980240167988417399e-02,3.066401017875083568e+00,8.168353470393453497e-01,7.484968370715249231e-01
2.257647624820843801e-01,2.572877980307815629e-02,3.577871886771498033e+00,9.381231888540086938e-01,6.684691584400460629e-01
3.529527011838463069e-01,1.900987760270433230e-02,3.273949177919699416e+00,7.753965385345743533e-01,7.032910466365794866e-01
3.902098445073793886e-01,2.404398231904814054e-02,2.080766450976767601e+00,7.276783863740973191e-01,7.999011391147505812e-01
1.349495993950216854e-01,2.508353809004882501e-02,4.937150124749542179e+00,1.155263282381743029e+00,8.125190572080667195e-01
2.376546493659169312e-01,2.382581617973186100e-02,4.998198226270824662e+00,8.941801181990655101e-01,8.119916108525917497e-01
2.681608550369088961e-01,1.902640323859872140e-02,4.380273938586051408e+00,9.724777695107271747e-01,6.603440816611237940e-01
6.191627308337947777e-02,1.990822272909293159e-02,4.802408778250868870e+00,9.454331688222477048e-01,7.994604357182514276e-01
3.688839299667907023e-01,2.423277491660881869e-02,3.338501499434561204e+00,1.073636854982282784e+00,6.452094517527986461e-01
3.637071761992760610e-01,2.172561881988681678e-02,1.751668361631315118e+00,1.061627777254022797e+00,7.417746684630122100e-01
2.280177002695761568e-01,1.965361164928972754e-02,4.695347545771904940e+00,1.141156891511660110e+00,7.601406701325812421e-01
2.488342902443463345e-01,2.041053168495977552e-02,1.805879895086446751e+00,7.158737281851469403e-01,7.153754438050091702e-01
3.731179038104228685e-01,2.101319734704401587e-02,4.099975063610913573e+00,9.661705843214877243e-01,8.185766179160494094e-01
9.882341635146180137e-02,1.935761382895661437e-02,1.761541585985012093e+00,1.151734018614329003e+00,6.456221617062017915e-01
2.907922774632648588e-01,2.455749221518170253e-02,3.267162721129273528e+00,1.284772643968276506e+00,7.240409725754615167e-01
2.132860303871799978e-01,2.102791635353071925e-02,1.705035656019253665e+00,1.245417846815008556e+00,7.789410883019677323e-01
2.373409010869265423e-01,1.914444979161070495e-02,1.920338185388268837e+00,9.490260142529385323e-01,8.090247189103159098e-01
3.722658874066639423e-01,1.985119272944703764e-02,4.940768604831582422e+00,1.273274573117587405e+00,6.481033500984217932e-01
1.863363065411428876e-01,2.221346345683979095e-02,4.412303712099046926e+00,1.092585711527057191e+00,6.478680800442397913e-01
7.899357639830560662e-02,2.278550344356149865e-02,3.207357855385120970e+00,9.157774200929325037e-01,6.474158359031565446e-01
2.339390207573491531e-01,2.176064377313898651e-02,3.416314637984569913e+00,1.205676682420260937e+00,8.177248993951827805e-01
6.120430620969270763e-02,1.943515382183669260e-02,3.130738881473709156e+00,1.200691919662896456e+00,7.561021291987037873e-01
3.988852359362690114e-01,2.597461994357546516e-02,4.631536655473335706e+00,8.528993418066759258e-01,6.717548710063380168e-01
2.456677167148235696e-01,2.255123477830458384e-02,3.474310663303452174e+00,8.051422240790913065e-01,7.196855333025381496e-01
2.085260918262414886e-01,2.517641874389397322e-02,2.084172345433151108e+00,1.040762911169789806e+00,7.025015925432089858e-01
1.174806772016361994e-01,2.423906606300268302e-02,4.036906307699063667e+00,1.078712889345828430e+00,7.318942089065443302e-01
1.185589278997015023e-01,2.580314481148402589e-02,1.957708141889329845e+00,7.462312578913755656e-01,6.558262677345797487e-01
3.838427546187677120e-01,2.226659574518306470e-02,4.535089687140659187e+00,1.082197182584181405e+00,7.201296208939516053e-01
3.915557552445121936e-01,1.988429611123306712e-02,2.320354076243333452e+00,1.217121877965144927e+00,8.179808097516466647e-01
2.294186225329617745e-01,2.591596469734748845e-02,2.364081781295827245e+00,7.331718982336110635e-01,7.668980538313835416e-01
6.385838665610178710e-02,2.104446095818421000e-02,4.916556464707849905e+00,8.502698530717749392e-01,6.874305098174420259e-01
3.816079885263647387e-01,2.439110748036251927e-02,1.739025615361100119e+00,1.284061615641042264e+00,6.751738201523851401e-01
3.861816672409420503e-01,1.949051385372271850e-02,1.937620516011118843e+00,8.831531321772375653e-01,6.401357220431230788e-01
6.549843529643491202e-02,2.146159733791603089e-02,1.779652312420541227e+00,8.866876981178295480e-01,7.979008268366567513e-01
3.962637409435958991e-01,1.944868216797197152e-02,4.768527166188416544e+00,1.282758405843004601e+00,8.082822678535896976e-01
8.901013131661338063e-02,2.459925590093806069e-02,2.033506244215928405e+00,1.278132458922546455e+00,6.405751780787389826e-01
3.771583114789985314e-01,2.509445498675201211e-02,2.465430701651425416e+00,1.120494082251284107e+00,7.850259515147469669e-01
1.183907952851150913e-01,1.906734123600972719e-02,4.826598840699392490e+00,1.278476423472352685e+00,6.733177141119912612e-01
2.206824057916177972e-01,1.930870002916129299e-02,4.193550443653623283e+00,8.323913459536617099e-01,7.860897535941564485e-01
1.718072601554078149e-01,2.549222728713834707e-02,4.735305384207935120e+00,7.039039767514913004e-01,6.528542674376442978e-01
3.785101077516654922e-01,2.464076100436691369e-02,4.077439567581190971e+00,7.506553717973641904e-01,8.066333510665781859e-01
8.702782025614752559e-02,2.093566424227505732e-02,4.859049567876382092e+00,1.266839658463466689e+00,8.107789186357894362e-01
2.120947915558050456e-01,2.586428296273202143e-02,4.725957506534642860e+00,1.219401209749933379e+00,6.465810060147848537e-01
8.446331853459589090e-02,1.925308425192348571e-02,2.553479787410980251e+00,7.013366402686572743e-01,6.622244773014634989e-01
1.209454799446463419e-01,2.594599090620688941e-02,2.191591608564042559e+00,1.214540773693658204e+00,7.888081641876510952e-01
3.825132974043955469e-01,2.021134974218160088e-02,2.122474501915881717e+00,7.312669506387784457e-01,7.864482471046410073e-01
3.458927333131618931e-01,2.567748099808115150e-02,2.129457951202289756e+00,7.473505605430341703e-01,6.543443432804941784e-01
3.675736604015251152e-01,2.081596441861381999e-02,4.853399040715117962e+00,7.417532061607576832e-01,6.435710480691771984e-01
3.295234879885798884e-01,2.592790500668715192e-02,4.845793512177420048e+00,1.259752100261766206e+00,8.183819430754426527e-01
8.636564944949001732e-02,2.446477942035906253e-02,3.995544742812962014e+00,7.115349857242777576e-01,8.122747481137793102e-01
2.554607279399317976e-01,2.088325078388676009e-02,2.814396845760849253e+00,1.208207907617651067e+00,6.952171433401480583e-01
